url;title;count
http://www.metalloprokat.ru/search/truba-profilnaya;"Труба профильная";56859
http://www.metalloprokat.kz/search/truba-profilnaya;"Труба профильная";25527
http://www.metalloprokat.net.ua/search/truba-profilnaya;"Труба профильная";20012
http://www.metalaprakat.by/search/truba-profilnaya;"Труба профильная";19956
http://ekb.metalloprokat.ru/search/truba-profilnaya;"Труба профильная";31190
http://msk.metalloprokat.ru/search/truba-profilnaya;"Труба профильная";12522
http://chel.metalloprokat.ru/search/truba-profilnaya;"Труба профильная";3823
http://nnov.metalloprokat.ru/search/truba-profilnaya;"Труба профильная";2694
http://nsk.metalloprokat.ru/search/truba-profilnaya;"Труба профильная";2287
http://spb.metalloprokat.ru/search/truba-profilnaya;"Труба профильная";1152
http://krasnodar.metalloprokat.ru/search/truba-profilnaya;"Труба профильная";805
http://krasnoyarsk.metalloprokat.ru/search/truba-profilnaya;"Труба профильная";504
http://rostov.metalloprokat.ru/search/truba-profilnaya;"Труба профильная";425
http://pervoural.metalloprokat.ru/search/truba-profilnaya;"Труба профильная";215
http://taganrog.metalloprokat.ru/search/truba-profilnaya;"Труба профильная";92
http://perm.metalloprokat.ru/search/truba-profilnaya;"Труба профильная";88
http://ufa.metalloprokat.ru/search/truba-profilnaya;"Труба профильная";88
http://lipetsk.metalloprokat.ru/search/truba-profilnaya;"Труба профильная";85
http://vologda.metalloprokat.ru/search/truba-profilnaya;"Труба профильная";58
http://voronezh.metalloprokat.ru/search/truba-profilnaya;"Труба профильная";56
http://samara.metalloprokat.ru/search/truba-profilnaya;"Труба профильная";49
http://belgorod.metalloprokat.ru/search/truba-profilnaya;"Труба профильная";47
http://kazan.metalloprokat.ru/search/truba-profilnaya;"Труба профильная";47
http://tver.metalloprokat.ru/search/truba-profilnaya;"Труба профильная";45
http://lugansk.metalloprokat.net.ua/search/truba-profilnaya;"Труба профильная";43
http://stavropol.metalloprokat.ru/search/truba-profilnaya;"Труба профильная";43
http://yaroslavl.metalloprokat.ru/search/truba-profilnaya;"Труба профильная";41
http://volgograd.metalloprokat.ru/search/truba-profilnaya;"Труба профильная";39
http://sochi.metalloprokat.ru/search/truba-profilnaya;"Труба профильная";38
http://vladimir.metalloprokat.ru/search/truba-profilnaya;"Труба профильная";38
http://orel.metalloprokat.ru/search/truba-profilnaya;"Труба профильная";37
http://izhevsk.metalloprokat.ru/search/truba-profilnaya;"Труба профильная";29
http://simferopol.metalloprokat.ru/search/truba-profilnaya;"Труба профильная";24
http://nab-chelni.metalloprokat.ru/search/truba-profilnaya;"Труба профильная";24
http://shelkovo.metalloprokat.ru/search/truba-profilnaya;"Труба профильная";23
http://cherep.metalloprokat.ru/search/truba-profilnaya;"Труба профильная";23
http://tambov.metalloprokat.ru/search/truba-profilnaya;"Труба профильная";23
http://voljskiy.metalloprokat.ru/search/truba-profilnaya;"Труба профильная";23
http://petrozavodsk.metalloprokat.ru/search/truba-profilnaya;"Труба профильная";21
http://harkov.metalloprokat.net.ua/search/truba-profilnaya;"Труба профильная";19
http://tula.metalloprokat.ru/search/truba-profilnaya;"Труба профильная";18
http://novoross.metalloprokat.ru/search/truba-profilnaya;"Труба профильная";16
http://bataisk.metalloprokat.ru/search/truba-profilnaya;"Труба профильная";14
http://vladivostok.metalloprokat.ru/search/truba-profilnaya;"Труба профильная";13
http://omsk.metalloprokat.ru/search/truba-profilnaya;"Труба профильная";12
http://magnitogorsk.metalloprokat.ru/search/truba-profilnaya;"Труба профильная";10
http://kursk.metalloprokat.ru/search/truba-profilnaya;"Труба профильная";9
http://kemerovo.metalloprokat.ru/search/truba-profilnaya;"Труба профильная";7
http://penza.metalloprokat.ru/search/truba-profilnaya;"Труба профильная";7
http://www.metalloprokat.ru/search/kanalizacionnaya-truba;"Канализационная труба";150
http://www.metalloprokat.kz/search/kanalizacionnaya-truba;"Канализационная труба";37
http://www.metalloprokat.net.ua/search/kanalizacionnaya-truba;"Канализационная труба";18
http://www.metalaprakat.by/search/kanalizacionnaya-truba;"Канализационная труба";18
http://nsk.metalloprokat.ru/search/kanalizacionnaya-truba;"Канализационная труба";48
http://ekb.metalloprokat.ru/search/kanalizacionnaya-truba;"Канализационная труба";27
http://chel.metalloprokat.ru/search/kanalizacionnaya-truba;"Канализационная труба";26
http://orehovo-zuevo.metalloprokat.ru/search/kanalizacionnaya-truba;"Канализационная труба";14
http://msk.metalloprokat.ru/search/kanalizacionnaya-truba;"Канализационная труба";11
http://www.metalloprokat.ru/search/polietilenovaya-truba;"Полиэтиленовая труба";671
http://www.metalloprokat.kz/search/polietilenovaya-truba;"Полиэтиленовая труба";74
http://www.metalloprokat.net.ua/search/polietilenovaya-truba;"Полиэтиленовая труба";73
http://www.metalaprakat.by/search/polietilenovaya-truba;"Полиэтиленовая труба";73
http://nnov.metalloprokat.ru/search/polietilenovaya-truba;"Полиэтиленовая труба";240
http://krasnodar.metalloprokat.ru/search/polietilenovaya-truba;"Полиэтиленовая труба";102
http://ekb.metalloprokat.ru/search/polietilenovaya-truba;"Полиэтиленовая труба";94
http://chel.metalloprokat.ru/search/polietilenovaya-truba;"Полиэтиленовая труба";88
http://msk.metalloprokat.ru/search/polietilenovaya-truba;"Полиэтиленовая труба";74
http://spb.metalloprokat.ru/search/polietilenovaya-truba;"Полиэтиленовая труба";61
http://www.metalloprokat.ru/search/vodoprovodnaya-truba;"Водопроводная труба";269
http://www.metalloprokat.kz/search/vodoprovodnaya-truba;"Водопроводная труба";24
http://msk.metalloprokat.ru/search/vodoprovodnaya-truba;"Водопроводная труба";228
http://chel.metalloprokat.ru/search/vodoprovodnaya-truba;"Водопроводная труба";21
http://ekb.metalloprokat.ru/search/vodoprovodnaya-truba;"Водопроводная труба";9
http://www.metalloprokat.ru/search/kvadratnaya-truba;"Квадратная труба";12708
http://www.metalloprokat.kz/search/kvadratnaya-truba;"Квадратная труба";5613
http://www.metalaprakat.by/search/kvadratnaya-truba;"Квадратная труба";5405
http://www.metalloprokat.net.ua/search/kvadratnaya-truba;"Квадратная труба";5404
http://msk.metalloprokat.ru/search/kvadratnaya-truba;"Квадратная труба";6351
http://ekb.metalloprokat.ru/search/kvadratnaya-truba;"Квадратная труба";3220
http://nnov.metalloprokat.ru/search/kvadratnaya-truba;"Квадратная труба";1351
http://nsk.metalloprokat.ru/search/kvadratnaya-truba;"Квадратная труба";606
http://spb.metalloprokat.ru/search/kvadratnaya-truba;"Квадратная труба";191
http://chel.metalloprokat.ru/search/kvadratnaya-truba;"Квадратная труба";183
http://krasnodar.metalloprokat.ru/search/kvadratnaya-truba;"Квадратная труба";178
http://rostov.metalloprokat.ru/search/kvadratnaya-truba;"Квадратная труба";139
http://krasnoyarsk.metalloprokat.ru/search/kvadratnaya-truba;"Квадратная труба";134
http://almati.metalloprokat.kz/search/kvadratnaya-truba;"Квадратная труба";133
http://podolsk.metalloprokat.ru/search/kvadratnaya-truba;"Квадратная труба";37
http://irkutsk.metalloprokat.ru/search/kvadratnaya-truba;"Квадратная труба";30
http://lipetsk.metalloprokat.ru/search/kvadratnaya-truba;"Квадратная труба";28
http://vladivostok.metalloprokat.ru/search/kvadratnaya-truba;"Квадратная труба";23
http://habarovsk.metalloprokat.ru/search/kvadratnaya-truba;"Квадратная труба";23
http://magadan.metalloprokat.ru/search/kvadratnaya-truba;"Квадратная труба";23
http://cherep.metalloprokat.ru/search/kvadratnaya-truba;"Квадратная труба";15
http://volgograd.metalloprokat.ru/search/kvadratnaya-truba;"Квадратная труба";7
http://www.metalloprokat.ru/search/vodogazoprovodnaya-truba;"Водогазопроводная труба";3245
http://www.metalloprokat.kz/search/vodogazoprovodnaya-truba;"Водогазопроводная труба";1202
http://www.metalloprokat.net.ua/search/vodogazoprovodnaya-truba;"Водогазопроводная труба";1035
http://www.metalaprakat.by/search/vodogazoprovodnaya-truba;"Водогазопроводная труба";1035
http://ekb.metalloprokat.ru/search/vodogazoprovodnaya-truba;"Водогазопроводная труба";2109
http://msk.metalloprokat.ru/search/vodogazoprovodnaya-truba;"Водогазопроводная труба";273
http://nnov.metalloprokat.ru/search/vodogazoprovodnaya-truba;"Водогазопроводная труба";252
http://almati.metalloprokat.kz/search/vodogazoprovodnaya-truba;"Водогазопроводная труба";202
http://chel.metalloprokat.ru/search/vodogazoprovodnaya-truba;"Водогазопроводная труба";98
http://spb.metalloprokat.ru/search/vodogazoprovodnaya-truba;"Водогазопроводная труба";78
http://pervoural.metalloprokat.ru/search/vodogazoprovodnaya-truba;"Водогазопроводная труба";57
http://nsk.metalloprokat.ru/search/vodogazoprovodnaya-truba;"Водогазопроводная труба";54
http://taganrog.metalloprokat.ru/search/vodogazoprovodnaya-truba;"Водогазопроводная труба";22
http://vladimir.metalloprokat.ru/search/vodogazoprovodnaya-truba;"Водогазопроводная труба";17
http://krasnodar.metalloprokat.ru/search/vodogazoprovodnaya-truba;"Водогазопроводная труба";16
http://volgograd.metalloprokat.ru/search/vodogazoprovodnaya-truba;"Водогазопроводная труба";15
http://lipetsk.metalloprokat.ru/search/vodogazoprovodnaya-truba;"Водогазопроводная труба";12
http://voljskiy.metalloprokat.ru/search/vodogazoprovodnaya-truba;"Водогазопроводная труба";10
http://krasnoyarsk.metalloprokat.ru/search/vodogazoprovodnaya-truba;"Водогазопроводная труба";10
http://nab-chelni.metalloprokat.ru/search/vodogazoprovodnaya-truba;"Водогазопроводная труба";8
http://www.metalloprokat.ru/search/kruglaya-truba;"Круглая труба";4121
http://www.metalloprokat.kz/search/kruglaya-truba;"Круглая труба";55
http://www.metalloprokat.net.ua/search/kruglaya-truba;"Круглая труба";10
http://www.metalaprakat.by/search/kruglaya-truba;"Круглая труба";10
http://spb.metalloprokat.ru/search/kruglaya-truba;"Круглая труба";1220
http://msk.metalloprokat.ru/search/kruglaya-truba;"Круглая труба";1133
http://ekb.metalloprokat.ru/search/kruglaya-truba;"Круглая труба";1099
http://krasnoyarsk.metalloprokat.ru/search/kruglaya-truba;"Круглая труба";253
http://rostov.metalloprokat.ru/search/kruglaya-truba;"Круглая труба";210
http://cherep.metalloprokat.ru/search/kruglaya-truba;"Круглая труба";53
http://chel.metalloprokat.ru/search/kruglaya-truba;"Круглая труба";44
http://nsk.metalloprokat.ru/search/kruglaya-truba;"Круглая труба";32
http://nnov.metalloprokat.ru/search/kruglaya-truba;"Круглая труба";16
http://krasnodar.metalloprokat.ru/search/kruglaya-truba;"Круглая труба";15
http://samara.metalloprokat.ru/search/kruglaya-truba;"Круглая труба";9
http://www.metalloprokat.ru/search/truby-ppu;"Трубы ППУ";1545
http://www.metalloprokat.kz/search/truby-ppu;"Трубы ППУ";832
http://www.metalaprakat.by/search/truby-ppu;"Трубы ППУ";243
http://www.metalloprokat.net.ua/search/truby-ppu;"Трубы ППУ";242
http://chel.metalloprokat.ru/search/truby-ppu;"Трубы ППУ";521
http://msk.metalloprokat.ru/search/truby-ppu;"Трубы ППУ";351
http://ekb.metalloprokat.ru/search/truby-ppu;"Трубы ППУ";324
http://nsk.metalloprokat.ru/search/truby-ppu;"Трубы ППУ";104
http://spb.metalloprokat.ru/search/truby-ppu;"Трубы ППУ";55
http://rostov.metalloprokat.ru/search/truby-ppu;"Трубы ППУ";38
http://almati.metalloprokat.kz/search/truby-ppu;"Трубы ППУ";26
http://krasnodar.metalloprokat.ru/search/truby-ppu;"Трубы ППУ";23
http://volgograd.metalloprokat.ru/search/truby-ppu;"Трубы ППУ";19
http://nnov.metalloprokat.ru/search/truby-ppu;"Трубы ППУ";18
http://tyumen.metalloprokat.ru/search/truby-ppu;"Трубы ППУ";17
http://sochi.metalloprokat.ru/search/truby-ppu;"Трубы ППУ";7
http://voronezh.metalloprokat.ru/search/truby-ppu;"Трубы ППУ";7
http://www.metalloprokat.ru/search/truba-tehnicheskaya;"Труба техническая";98
http://msk.metalloprokat.ru/search/truba-tehnicheskaya;"Труба техническая";86
http://www.metalloprokat.ru/search/truby-chernye;"Трубы черные";1044
http://www.metalloprokat.kz/search/truby-chernye;"Трубы черные";168
http://www.metalloprokat.net.ua/search/truby-chernye;"Трубы черные";82
http://www.metalaprakat.by/search/truby-chernye;"Трубы черные";82
http://ekb.metalloprokat.ru/search/truby-chernye;"Трубы черные";312
http://msk.metalloprokat.ru/search/truby-chernye;"Трубы черные";303
http://nnov.metalloprokat.ru/search/truby-chernye;"Трубы черные";303
http://chel.metalloprokat.ru/search/truby-chernye;"Трубы черные";81
http://spb.metalloprokat.ru/search/truby-chernye;"Трубы черные";18
http://krasnodar.metalloprokat.ru/search/truby-chernye;"Трубы черные";14
http://omsk.metalloprokat.ru/search/truby-chernye;"Трубы черные";7
http://www.metalloprokat.ru/search/drenazhnaya-truba;"Дренажная труба";39
http://www.metalloprokat.kz/search/drenazhnaya-truba;"Дренажная труба";28
http://www.metalloprokat.net.ua/search/drenazhnaya-truba;"Дренажная труба";14
http://www.metalaprakat.by/search/drenazhnaya-truba;"Дренажная труба";14
http://chel.metalloprokat.ru/search/drenazhnaya-truba;"Дренажная труба";16
http://ekb.metalloprokat.ru/search/drenazhnaya-truba;"Дренажная труба";15
http://www.metalloprokat.ru/search/asbestocementnye-truby;"Асбестоцементные трубы";232
http://www.metalloprokat.kz/search/asbestocementnye-truby;"Асбестоцементные трубы";45
http://www.metalloprokat.net.ua/search/asbestocementnye-truby;"Асбестоцементные трубы";26
http://www.metalaprakat.by/search/asbestocementnye-truby;"Асбестоцементные трубы";26
http://ekb.metalloprokat.ru/search/asbestocementnye-truby;"Асбестоцементные трубы";124
http://krasnodar.metalloprokat.ru/search/asbestocementnye-truby;"Асбестоцементные трубы";45
http://krasnoyarsk.metalloprokat.ru/search/asbestocementnye-truby;"Асбестоцементные трубы";26
http://chel.metalloprokat.ru/search/asbestocementnye-truby;"Асбестоцементные трубы";13
http://podolsk.metalloprokat.ru/search/asbestocementnye-truby;"Асбестоцементные трубы";8
http://www.metalloprokat.ru/search/truba-armirovannaya;"Труба армированная";52
http://www.metalloprokat.net.ua/search/truba-armirovannaya;"Труба армированная";11
http://www.metalloprokat.kz/search/truba-armirovannaya;"Труба армированная";11
http://www.metalaprakat.by/search/truba-armirovannaya;"Труба армированная";11
http://ekb.metalloprokat.ru/search/truba-armirovannaya;"Труба армированная";21
http://msk.metalloprokat.ru/search/truba-armirovannaya;"Труба армированная";11
http://chel.metalloprokat.ru/search/truba-armirovannaya;"Труба армированная";9
http://nnov.metalloprokat.ru/search/truba-armirovannaya;"Труба армированная";8
http://www.metalloprokat.ru/search/belaya-truba;"Белая труба";31
http://msk.metalloprokat.ru/search/belaya-truba;"Белая труба";27
http://www.metalloprokat.ru/search/truba-pryamoshovnaya;"Труба прямошовная";4012
http://www.metalloprokat.kz/search/truba-pryamoshovnaya;"Труба прямошовная";1576
http://www.metalloprokat.net.ua/search/truba-pryamoshovnaya;"Труба прямошовная";1290
http://www.metalaprakat.by/search/truba-pryamoshovnaya;"Труба прямошовная";1290
http://msk.metalloprokat.ru/search/truba-pryamoshovnaya;"Труба прямошовная";1892
http://ekb.metalloprokat.ru/search/truba-pryamoshovnaya;"Труба прямошовная";1094
http://nnov.metalloprokat.ru/search/truba-pryamoshovnaya;"Труба прямошовная";321
http://krasnodar.metalloprokat.ru/search/truba-pryamoshovnaya;"Труба прямошовная";184
http://nsk.metalloprokat.ru/search/truba-pryamoshovnaya;"Труба прямошовная";174
http://chel.metalloprokat.ru/search/truba-pryamoshovnaya;"Труба прямошовная";157
http://rostov.metalloprokat.ru/search/truba-pryamoshovnaya;"Труба прямошовная";30
http://taganrog.metalloprokat.ru/search/truba-pryamoshovnaya;"Труба прямошовная";27
http://spb.metalloprokat.ru/search/truba-pryamoshovnaya;"Труба прямошовная";23
http://nab-chelni.metalloprokat.ru/search/truba-pryamoshovnaya;"Труба прямошовная";21
http://voljskiy.metalloprokat.ru/search/truba-pryamoshovnaya;"Труба прямошовная";16
http://ntagil.metalloprokat.ru/search/truba-pryamoshovnaya;"Труба прямошовная";14
http://belgorod.metalloprokat.ru/search/truba-pryamoshovnaya;"Труба прямошовная";10
http://kazan.metalloprokat.ru/search/truba-pryamoshovnaya;"Труба прямошовная";10
http://volgograd.metalloprokat.ru/search/truba-pryamoshovnaya;"Труба прямошовная";7
http://ufa.metalloprokat.ru/search/truba-pryamoshovnaya;"Труба прямошовная";7
http://www.metalloprokat.ru/search/truba-svarnaya;"Труба сварная";67522
http://www.metalloprokat.kz/search/truba-svarnaya;"Труба сварная";22459
http://www.metalaprakat.by/search/truba-svarnaya;"Труба сварная";15301
http://www.metalloprokat.net.ua/search/truba-svarnaya;"Труба сварная";15293
http://ekb.metalloprokat.ru/search/truba-svarnaya;"Труба сварная";37673
http://msk.metalloprokat.ru/search/truba-svarnaya;"Труба сварная";17643
http://chel.metalloprokat.ru/search/truba-svarnaya;"Труба сварная";3655
http://nsk.metalloprokat.ru/search/truba-svarnaya;"Труба сварная";3347
http://nnov.metalloprokat.ru/search/truba-svarnaya;"Труба сварная";2275
http://spb.metalloprokat.ru/search/truba-svarnaya;"Труба сварная";750
http://pervoural.metalloprokat.ru/search/truba-svarnaya;"Труба сварная";567
http://rostov.metalloprokat.ru/search/truba-svarnaya;"Труба сварная";507
http://almati.metalloprokat.kz/search/truba-svarnaya;"Труба сварная";331
http://krasnodar.metalloprokat.ru/search/truba-svarnaya;"Труба сварная";283
http://ufa.metalloprokat.ru/search/truba-svarnaya;"Труба сварная";133
http://krasnoyarsk.metalloprokat.ru/search/truba-svarnaya;"Труба сварная";86
http://voljskiy.metalloprokat.ru/search/truba-svarnaya;"Труба сварная";32
http://sposad.metalloprokat.ru/search/truba-svarnaya;"Труба сварная";30
http://taganrog.metalloprokat.ru/search/truba-svarnaya;"Труба сварная";29
http://voronezh.metalloprokat.ru/search/truba-svarnaya;"Труба сварная";25
http://ntagil.metalloprokat.ru/search/truba-svarnaya;"Труба сварная";23
http://nab-chelni.metalloprokat.ru/search/truba-svarnaya;"Труба сварная";21
http://perm.metalloprokat.ru/search/truba-svarnaya;"Труба сварная";21
http://tambov.metalloprokat.ru/search/truba-svarnaya;"Труба сварная";13
http://vladimir.metalloprokat.ru/search/truba-svarnaya;"Труба сварная";13
http://belgorod.metalloprokat.ru/search/truba-svarnaya;"Труба сварная";10
http://omsk.metalloprokat.ru/search/truba-svarnaya;"Труба сварная";9
http://kaliningrad.metalloprokat.ru/search/truba-svarnaya;"Труба сварная";8
http://stavropol.metalloprokat.ru/search/truba-svarnaya;"Труба сварная";7
http://www.metalloprokat.ru/search/truba-kotelnaya;"Труба котельная";23527
http://www.metalloprokat.kz/search/truba-kotelnaya;"Труба котельная";10659
http://www.metalloprokat.net.ua/search/truba-kotelnaya;"Труба котельная";8432
http://www.metalaprakat.by/search/truba-kotelnaya;"Труба котельная";8431
http://ekb.metalloprokat.ru/search/truba-kotelnaya;"Труба котельная";14769
http://msk.metalloprokat.ru/search/truba-kotelnaya;"Труба котельная";2340
http://nsk.metalloprokat.ru/search/truba-kotelnaya;"Труба котельная";1791
http://chel.metalloprokat.ru/search/truba-kotelnaya;"Труба котельная";1789
http://nnov.metalloprokat.ru/search/truba-kotelnaya;"Труба котельная";1301
http://krasnoyarsk.metalloprokat.ru/search/truba-kotelnaya;"Труба котельная";776
http://krasnodar.metalloprokat.ru/search/truba-kotelnaya;"Труба котельная";339
http://almati.metalloprokat.kz/search/truba-kotelnaya;"Труба котельная";286
http://spb.metalloprokat.ru/search/truba-kotelnaya;"Труба котельная";109
http://pervoural.metalloprokat.ru/search/truba-kotelnaya;"Труба котельная";20
http://www.metalloprokat.ru/search/truba-burilnaya;"Труба бурильная";1319
http://www.metalloprokat.kz/search/truba-burilnaya;"Труба бурильная";894
http://www.metalloprokat.net.ua/search/truba-burilnaya;"Труба бурильная";678
http://www.metalaprakat.by/search/truba-burilnaya;"Труба бурильная";665
http://ekb.metalloprokat.ru/search/truba-burilnaya;"Труба бурильная";539
http://nsk.metalloprokat.ru/search/truba-burilnaya;"Труба бурильная";305
http://chel.metalloprokat.ru/search/truba-burilnaya;"Труба бурильная";150
http://almati.metalloprokat.kz/search/truba-burilnaya;"Труба бурильная";113
http://nnov.metalloprokat.ru/search/truba-burilnaya;"Труба бурильная";95
http://msk.metalloprokat.ru/search/truba-burilnaya;"Труба бурильная";67
http://spb.metalloprokat.ru/search/truba-burilnaya;"Труба бурильная";46
http://dnepropetr.metalloprokat.net.ua/search/truba-burilnaya;"Труба бурильная";13
http://www.metalloprokat.ru/search/truba-obsadnaya;"Труба обсадная";3255
http://www.metalloprokat.kz/search/truba-obsadnaya;"Труба обсадная";2316
http://www.metalloprokat.net.ua/search/truba-obsadnaya;"Труба обсадная";2047
http://www.metalaprakat.by/search/truba-obsadnaya;"Труба обсадная";2038
http://ekb.metalloprokat.ru/search/truba-obsadnaya;"Труба обсадная";1574
http://nsk.metalloprokat.ru/search/truba-obsadnaya;"Труба обсадная";855
http://almati.metalloprokat.kz/search/truba-obsadnaya;"Труба обсадная";243
http://chel.metalloprokat.ru/search/truba-obsadnaya;"Труба обсадная";242
http://nnov.metalloprokat.ru/search/truba-obsadnaya;"Труба обсадная";112
http://msk.metalloprokat.ru/search/truba-obsadnaya;"Труба обсадная";100
http://pervoural.metalloprokat.ru/search/truba-obsadnaya;"Труба обсадная";40
http://spb.metalloprokat.ru/search/truba-obsadnaya;"Труба обсадная";35
http://nijnev.metalloprokat.ru/search/truba-obsadnaya;"Труба обсадная";21
http://kamensk-ural.metalloprokat.ru/search/truba-obsadnaya;"Труба обсадная";12
http://dnepropetr.metalloprokat.net.ua/search/truba-obsadnaya;"Труба обсадная";9
http://www.metalloprokat.ru/search/truba-predizolirovannaya;"Труба предизолированная";258
http://www.metalloprokat.net.ua/search/truba-predizolirovannaya;"Труба предизолированная";7
http://www.metalloprokat.kz/search/truba-predizolirovannaya;"Труба предизолированная";7
http://www.metalaprakat.by/search/truba-predizolirovannaya;"Труба предизолированная";7
http://ekb.metalloprokat.ru/search/truba-predizolirovannaya;"Труба предизолированная";135
http://nnov.metalloprokat.ru/search/truba-predizolirovannaya;"Труба предизолированная";118
http://www.metalloprokat.ru/search/list-perforirovannyi;"Лист перфорированный";3647
http://www.metalloprokat.kz/search/list-perforirovannyi;"Лист перфорированный";1389
http://www.metalaprakat.by/search/list-perforirovannyi;"Лист перфорированный";1358
http://www.metalloprokat.net.ua/search/list-perforirovannyi;"Лист перфорированный";1357
http://ekb.metalloprokat.ru/search/list-perforirovannyi;"Лист перфорированный";3132
http://msk.metalloprokat.ru/search/list-perforirovannyi;"Лист перфорированный";229
http://chel.metalloprokat.ru/search/list-perforirovannyi;"Лист перфорированный";156
http://krasnodar.metalloprokat.ru/search/list-perforirovannyi;"Лист перфорированный";108
http://www.metalloprokat.ru/search/list-prosechno-vytyazhnoy;"Лист просечно-вытяжной";1320
http://www.metalloprokat.kz/search/list-prosechno-vytyazhnoy;"Лист просечно-вытяжной";663
http://www.metalloprokat.net.ua/search/list-prosechno-vytyazhnoy;"Лист просечно-вытяжной";540
http://www.metalaprakat.by/search/list-prosechno-vytyazhnoy;"Лист просечно-вытяжной";540
http://ekb.metalloprokat.ru/search/list-prosechno-vytyazhnoy;"Лист просечно-вытяжной";525
http://msk.metalloprokat.ru/search/list-prosechno-vytyazhnoy;"Лист просечно-вытяжной";346
http://almati.metalloprokat.kz/search/list-prosechno-vytyazhnoy;"Лист просечно-вытяжной";234
http://chel.metalloprokat.ru/search/list-prosechno-vytyazhnoy;"Лист просечно-вытяжной";52
http://spb.metalloprokat.ru/search/list-prosechno-vytyazhnoy;"Лист просечно-вытяжной";42
http://nsk.metalloprokat.ru/search/list-prosechno-vytyazhnoy;"Лист просечно-вытяжной";41
http://krasnodar.metalloprokat.ru/search/list-prosechno-vytyazhnoy;"Лист просечно-вытяжной";30
http://nnov.metalloprokat.ru/search/list-prosechno-vytyazhnoy;"Лист просечно-вытяжной";26
http://lipetsk.metalloprokat.ru/search/list-prosechno-vytyazhnoy;"Лист просечно-вытяжной";8
http://www.metalloprokat.ru/search/list-riflenyi;"Лист рифленый";4090
http://www.metalloprokat.kz/search/list-riflenyi;"Лист рифленый";1484
http://www.metalaprakat.by/search/list-riflenyi;"Лист рифленый";1205
http://www.metalloprokat.net.ua/search/list-riflenyi;"Лист рифленый";1204
http://ekb.metalloprokat.ru/search/list-riflenyi;"Лист рифленый";1536
http://msk.metalloprokat.ru/search/list-riflenyi;"Лист рифленый";1067
http://nsk.metalloprokat.ru/search/list-riflenyi;"Лист рифленый";391
http://nnov.metalloprokat.ru/search/list-riflenyi;"Лист рифленый";328
http://chel.metalloprokat.ru/search/list-riflenyi;"Лист рифленый";214
http://krasnodar.metalloprokat.ru/search/list-riflenyi;"Лист рифленый";157
http://almati.metalloprokat.kz/search/list-riflenyi;"Лист рифленый";120
http://spb.metalloprokat.ru/search/list-riflenyi;"Лист рифленый";109
http://krasnoyarsk.metalloprokat.ru/search/list-riflenyi;"Лист рифленый";76
http://rostov.metalloprokat.ru/search/list-riflenyi;"Лист рифленый";16
http://nab-chelni.metalloprokat.ru/search/list-riflenyi;"Лист рифленый";8
http://cherep.metalloprokat.ru/search/list-riflenyi;"Лист рифленый";7
http://www.metalloprokat.ru/search/zapornaya-armatura;"Запорная арматура";44
http://www.metalloprokat.kz/search/zapornaya-armatura;"Запорная арматура";23
http://www.metalloprokat.net.ua/search/zapornaya-armatura;"Запорная арматура";17
http://www.metalaprakat.by/search/zapornaya-armatura;"Запорная арматура";17
http://nsk.metalloprokat.ru/search/zapornaya-armatura;"Запорная арматура";18
http://pskov.metalloprokat.ru/search/zapornaya-armatura;"Запорная арматура";8
http://www.metalloprokat.ru/search/truboprovodnaya-armatura;"Трубопроводная арматура";31
http://www.metalloprokat.kz/search/truboprovodnaya-armatura;"Трубопроводная арматура";21
http://www.metalloprokat.net.ua/search/truboprovodnaya-armatura;"Трубопроводная арматура";17
http://www.metalaprakat.by/search/truboprovodnaya-armatura;"Трубопроводная арматура";17
http://nsk.metalloprokat.ru/search/truboprovodnaya-armatura;"Трубопроводная арматура";17
http://www.metalloprokat.ru/search/stekloplastikovaya-armatura;"Стеклопластиковая арматура";317
http://www.metalloprokat.kz/search/stekloplastikovaya-armatura;"Стеклопластиковая арматура";17
http://rostov.metalloprokat.ru/search/stekloplastikovaya-armatura;"Стеклопластиковая арматура";56
http://ekb.metalloprokat.ru/search/stekloplastikovaya-armatura;"Стеклопластиковая арматура";40
http://perm.metalloprokat.ru/search/stekloplastikovaya-armatura;"Стеклопластиковая арматура";25
http://msk.metalloprokat.ru/search/stekloplastikovaya-armatura;"Стеклопластиковая арматура";24
http://krasnodar.metalloprokat.ru/search/stekloplastikovaya-armatura;"Стеклопластиковая арматура";23
http://penza.metalloprokat.ru/search/stekloplastikovaya-armatura;"Стеклопластиковая арматура";16
http://chel.metalloprokat.ru/search/stekloplastikovaya-armatura;"Стеклопластиковая арматура";13
http://kazan.metalloprokat.ru/search/stekloplastikovaya-armatura;"Стеклопластиковая арматура";10
http://krasnoyarsk.metalloprokat.ru/search/stekloplastikovaya-armatura;"Стеклопластиковая арматура";10
http://volgograd.metalloprokat.ru/search/stekloplastikovaya-armatura;"Стеклопластиковая арматура";10
http://nab-chelni.metalloprokat.ru/search/stekloplastikovaya-armatura;"Стеклопластиковая арматура";9
http://vologda.metalloprokat.ru/search/stekloplastikovaya-armatura;"Стеклопластиковая арматура";9
http://balashiha.metalloprokat.ru/search/stekloplastikovaya-armatura;"Стеклопластиковая арматура";7
http://astana.metalloprokat.kz/search/stekloplastikovaya-armatura;"Стеклопластиковая арматура";7
http://petrozavodsk.metalloprokat.ru/search/stekloplastikovaya-armatura;"Стеклопластиковая арматура";7
http://www.metalloprokat.ru/search/armatura-stroitelnaya;"Арматура строительная";306
http://www.metalloprokat.kz/search/armatura-stroitelnaya;"Арматура строительная";90
http://www.metalaprakat.by/search/armatura-stroitelnaya;"Арматура строительная";33
http://www.metalloprokat.net.ua/search/armatura-stroitelnaya;"Арматура строительная";30
http://chel.metalloprokat.ru/search/armatura-stroitelnaya;"Арматура строительная";120
http://msk.metalloprokat.ru/search/armatura-stroitelnaya;"Арматура строительная";65
http://nnov.metalloprokat.ru/search/armatura-stroitelnaya;"Арматура строительная";30
http://ekb.metalloprokat.ru/search/armatura-stroitelnaya;"Арматура строительная";21
http://krasnoyarsk.metalloprokat.ru/search/armatura-stroitelnaya;"Арматура строительная";20
http://krasnodar.metalloprokat.ru/search/armatura-stroitelnaya;"Арматура строительная";10
http://spb.metalloprokat.ru/search/armatura-stroitelnaya;"Арматура строительная";7
http://www.metalloprokat.ru/search/armatura-stalnaya;"Арматура стальная";823
http://www.metalloprokat.net.ua/search/armatura-stalnaya;"Арматура стальная";252
http://www.metalloprokat.kz/search/armatura-stalnaya;"Арматура стальная";251
http://www.metalaprakat.by/search/armatura-stalnaya;"Арматура стальная";251
http://ekb.metalloprokat.ru/search/armatura-stalnaya;"Арматура стальная";481
http://msk.metalloprokat.ru/search/armatura-stalnaya;"Арматура стальная";155
http://almati.metalloprokat.kz/search/armatura-stalnaya;"Арматура стальная";97
http://chel.metalloprokat.ru/search/armatura-stalnaya;"Арматура стальная";51
http://nnov.metalloprokat.ru/search/armatura-stalnaya;"Арматура стальная";19
http://krasnoyarsk.metalloprokat.ru/search/armatura-stalnaya;"Арматура стальная";10
http://www.metalloprokat.ru/search/prosechno-vytyazhnoy-list;"Просечно-вытяжной лист";969
http://www.metalloprokat.kz/search/prosechno-vytyazhnoy-list;"Просечно-вытяжной лист";595
http://www.metalloprokat.net.ua/search/prosechno-vytyazhnoy-list;"Просечно-вытяжной лист";526
http://www.metalaprakat.by/search/prosechno-vytyazhnoy-list;"Просечно-вытяжной лист";526
http://ekb.metalloprokat.ru/search/prosechno-vytyazhnoy-list;"Просечно-вытяжной лист";484
http://almati.metalloprokat.kz/search/prosechno-vytyazhnoy-list;"Просечно-вытяжной лист";234
http://msk.metalloprokat.ru/search/prosechno-vytyazhnoy-list;"Просечно-вытяжной лист";170
http://nsk.metalloprokat.ru/search/prosechno-vytyazhnoy-list;"Просечно-вытяжной лист";25
http://nnov.metalloprokat.ru/search/prosechno-vytyazhnoy-list;"Просечно-вытяжной лист";24
http://krasnodar.metalloprokat.ru/search/prosechno-vytyazhnoy-list;"Просечно-вытяжной лист";16
http://spb.metalloprokat.ru/search/prosechno-vytyazhnoy-list;"Просечно-вытяжной лист";10
http://www.metalloprokat.ru/search/svarochnaya-provoloka;"Сварочная проволока";13599
http://www.metalloprokat.kz/search/svarochnaya-provoloka;"Сварочная проволока";8076
http://www.metalloprokat.net.ua/search/svarochnaya-provoloka;"Сварочная проволока";6784
http://www.metalaprakat.by/search/svarochnaya-provoloka;"Сварочная проволока";6784
http://msk.metalloprokat.ru/search/svarochnaya-provoloka;"Сварочная проволока";5378
http://ekb.metalloprokat.ru/search/svarochnaya-provoloka;"Сварочная проволока";4934
http://krasnoyarsk.metalloprokat.ru/search/svarochnaya-provoloka;"Сварочная проволока";1308
http://chel.metalloprokat.ru/search/svarochnaya-provoloka;"Сварочная проволока";741
http://nnov.metalloprokat.ru/search/svarochnaya-provoloka;"Сварочная проволока";564
http://nsk.metalloprokat.ru/search/svarochnaya-provoloka;"Сварочная проволока";293
http://almati.metalloprokat.kz/search/svarochnaya-provoloka;"Сварочная проволока";85
http://izhevsk.metalloprokat.ru/search/svarochnaya-provoloka;"Сварочная проволока";58
http://beloretsk.metalloprokat.ru/search/svarochnaya-provoloka;"Сварочная проволока";54
http://spb.metalloprokat.ru/search/svarochnaya-provoloka;"Сварочная проволока";54
http://krasnodar.metalloprokat.ru/search/svarochnaya-provoloka;"Сварочная проволока";29
http://rostov.metalloprokat.ru/search/svarochnaya-provoloka;"Сварочная проволока";25
http://taganrog.metalloprokat.ru/search/svarochnaya-provoloka;"Сварочная проволока";19
http://samara.metalloprokat.ru/search/svarochnaya-provoloka;"Сварочная проволока";9
http://www.metalloprokat.ru/search/provoloka-dlya-svarki;"Проволока для сварки";81
http://www.metalloprokat.kz/search/provoloka-dlya-svarki;"Проволока для сварки";58
http://www.metalloprokat.net.ua/search/provoloka-dlya-svarki;"Проволока для сварки";57
http://www.metalaprakat.by/search/provoloka-dlya-svarki;"Проволока для сварки";57
http://ekb.metalloprokat.ru/search/provoloka-dlya-svarki;"Проволока для сварки";43
http://msk.metalloprokat.ru/search/provoloka-dlya-svarki;"Проволока для сварки";14
http://almati.metalloprokat.kz/search/provoloka-dlya-svarki;"Проволока для сварки";12
http://nsk.metalloprokat.ru/search/provoloka-dlya-svarki;"Проволока для сварки";7
http://www.metalloprokat.ru/search/provoloka-stalnaya;"Проволока стальная";2063
http://www.metalloprokat.kz/search/provoloka-stalnaya;"Проволока стальная";1385
http://www.metalaprakat.by/search/provoloka-stalnaya;"Проволока стальная";1246
http://www.metalloprokat.net.ua/search/provoloka-stalnaya;"Проволока стальная";1245
http://ekb.metalloprokat.ru/search/provoloka-stalnaya;"Проволока стальная";1060
http://msk.metalloprokat.ru/search/provoloka-stalnaya;"Проволока стальная";541
http://nnov.metalloprokat.ru/search/provoloka-stalnaya;"Проволока стальная";176
http://chel.metalloprokat.ru/search/provoloka-stalnaya;"Проволока стальная";144
http://spb.metalloprokat.ru/search/provoloka-stalnaya;"Проволока стальная";67
http://krasnodar.metalloprokat.ru/search/provoloka-stalnaya;"Проволока стальная";42
http://almati.metalloprokat.kz/search/provoloka-stalnaya;"Проволока стальная";10
http://www.metalloprokat.ru/search/poroshkovaya-provoloka;"Порошковая проволока";93
http://www.metalloprokat.kz/search/poroshkovaya-provoloka;"Порошковая проволока";81
http://www.metalloprokat.net.ua/search/poroshkovaya-provoloka;"Порошковая проволока";42
http://www.metalaprakat.by/search/poroshkovaya-provoloka;"Порошковая проволока";42
http://ekb.metalloprokat.ru/search/poroshkovaya-provoloka;"Порошковая проволока";39
http://chel.metalloprokat.ru/search/poroshkovaya-provoloka;"Порошковая проволока";38
http://www.metalloprokat.ru/search/magnitnaya-provoloka;"Магнитная проволока";1692
http://www.metalloprokat.kz/search/magnitnaya-provoloka;"Магнитная проволока";1647
http://www.metalloprokat.net.ua/search/magnitnaya-provoloka;"Магнитная проволока";1584
http://www.metalaprakat.by/search/magnitnaya-provoloka;"Магнитная проволока";1584
http://ekb.metalloprokat.ru/search/magnitnaya-provoloka;"Магнитная проволока";1583
http://chel.metalloprokat.ru/search/magnitnaya-provoloka;"Магнитная проволока";62
http://msk.metalloprokat.ru/search/magnitnaya-provoloka;"Магнитная проволока";45
http://www.metalloprokat.ru/search/balka-svarnaya;"Балка сварная";466
http://www.metalloprokat.kz/search/balka-svarnaya;"Балка сварная";164
http://www.metalloprokat.net.ua/search/balka-svarnaya;"Балка сварная";73
http://www.metalaprakat.by/search/balka-svarnaya;"Балка сварная";73
http://chel.metalloprokat.ru/search/balka-svarnaya;"Балка сварная";91
http://ekb.metalloprokat.ru/search/balka-svarnaya;"Балка сварная";71
http://msk.metalloprokat.ru/search/balka-svarnaya;"Балка сварная";57
http://ivanovo.metalloprokat.ru/search/balka-svarnaya;"Балка сварная";53
http://nnov.metalloprokat.ru/search/balka-svarnaya;"Балка сварная";50
http://pervoural.metalloprokat.ru/search/balka-svarnaya;"Балка сварная";50
http://samara.metalloprokat.ru/search/balka-svarnaya;"Балка сварная";50
http://nsk.metalloprokat.ru/search/balka-svarnaya;"Балка сварная";15
http://krasnoyarsk.metalloprokat.ru/search/balka-svarnaya;"Балка сварная";11
http://spb.metalloprokat.ru/search/balka-svarnaya;"Балка сварная";11
http://www.metalloprokat.ru/search/balka-goryachekatanaya;"Балка горячекатаная";968
http://www.metalloprokat.kz/search/balka-goryachekatanaya;"Балка горячекатаная";209
http://ekb.metalloprokat.ru/search/balka-goryachekatanaya;"Балка горячекатаная";697
http://chel.metalloprokat.ru/search/balka-goryachekatanaya;"Балка горячекатаная";202
http://krasnoyarsk.metalloprokat.ru/search/balka-goryachekatanaya;"Балка горячекатаная";22
http://msk.metalloprokat.ru/search/balka-goryachekatanaya;"Балка горячекатаная";16
http://volgograd.metalloprokat.ru/search/balka-goryachekatanaya;"Балка горячекатаная";7
http://www.metalloprokat.ru/search/aluminievyi-tavr;"Алюминиевый тавр";793
http://www.metalloprokat.kz/search/aluminievyi-tavr;"Алюминиевый тавр";272
http://www.metalloprokat.net.ua/search/aluminievyi-tavr;"Алюминиевый тавр";236
http://www.metalaprakat.by/search/aluminievyi-tavr;"Алюминиевый тавр";235
http://nnov.metalloprokat.ru/search/aluminievyi-tavr;"Алюминиевый тавр";375
http://msk.metalloprokat.ru/search/aluminievyi-tavr;"Алюминиевый тавр";153
http://nsk.metalloprokat.ru/search/aluminievyi-tavr;"Алюминиевый тавр";99
http://ekb.metalloprokat.ru/search/aluminievyi-tavr;"Алюминиевый тавр";81
http://chel.metalloprokat.ru/search/aluminievyi-tavr;"Алюминиевый тавр";41
http://spb.metalloprokat.ru/search/aluminievyi-tavr;"Алюминиевый тавр";24
http://krasnodar.metalloprokat.ru/search/aluminievyi-tavr;"Алюминиевый тавр";18
http://www.metalloprokat.ru/search/krug-kalibrovannyi;"Круг калиброванный";25523
http://www.metalloprokat.kz/search/krug-kalibrovannyi;"Круг калиброванный";13166
http://www.metalloprokat.net.ua/search/krug-kalibrovannyi;"Круг калиброванный";12566
http://www.metalaprakat.by/search/krug-kalibrovannyi;"Круг калиброванный";12566
http://ekb.metalloprokat.ru/search/krug-kalibrovannyi;"Круг калиброванный";15103
http://msk.metalloprokat.ru/search/krug-kalibrovannyi;"Круг калиброванный";3900
http://almati.metalloprokat.kz/search/krug-kalibrovannyi;"Круг калиброванный";2596
http://nsk.metalloprokat.ru/search/krug-kalibrovannyi;"Круг калиброванный";2179
http://izhevsk.metalloprokat.ru/search/krug-kalibrovannyi;"Круг калиброванный";590
http://chel.metalloprokat.ru/search/krug-kalibrovannyi;"Круг калиброванный";338
http://nnov.metalloprokat.ru/search/krug-kalibrovannyi;"Круг калиброванный";300
http://krasnodar.metalloprokat.ru/search/krug-kalibrovannyi;"Круг калиброванный";148
http://rostov.metalloprokat.ru/search/krug-kalibrovannyi;"Круг калиброванный";140
http://kazan.metalloprokat.ru/search/krug-kalibrovannyi;"Круг калиброванный";80
http://krasnoyarsk.metalloprokat.ru/search/krug-kalibrovannyi;"Круг калиброванный";71
http://spb.metalloprokat.ru/search/krug-kalibrovannyi;"Круг калиброванный";53
http://cherep.metalloprokat.ru/search/krug-kalibrovannyi;"Круг калиброванный";7
http://www.metalloprokat.ru/search/kvadrat-kalibrovannyi;"Квадрат калиброванный";1755
http://www.metalloprokat.kz/search/kvadrat-kalibrovannyi;"Квадрат калиброванный";539
http://www.metalloprokat.net.ua/search/kvadrat-kalibrovannyi;"Квадрат калиброванный";218
http://www.metalaprakat.by/search/kvadrat-kalibrovannyi;"Квадрат калиброванный";218
http://msk.metalloprokat.ru/search/kvadrat-kalibrovannyi;"Квадрат калиброванный";412
http://ekb.metalloprokat.ru/search/kvadrat-kalibrovannyi;"Квадрат калиброванный";395
http://izhevsk.metalloprokat.ru/search/kvadrat-kalibrovannyi;"Квадрат калиброванный";340
http://chel.metalloprokat.ru/search/kvadrat-kalibrovannyi;"Квадрат калиброванный";311
http://nnov.metalloprokat.ru/search/kvadrat-kalibrovannyi;"Квадрат калиброванный";196
http://rostov.metalloprokat.ru/search/kvadrat-kalibrovannyi;"Квадрат калиброванный";54
http://spb.metalloprokat.ru/search/kvadrat-kalibrovannyi;"Квадрат калиброванный";29
http://krasnodar.metalloprokat.ru/search/kvadrat-kalibrovannyi;"Квадрат калиброванный";15
http://www.metalloprokat.ru/search/shestigrannik-kalibrovannyi;"Шестигранник калиброванный";3684
http://www.metalloprokat.kz/search/shestigrannik-kalibrovannyi;"Шестигранник калиброванный";1014
http://www.metalloprokat.net.ua/search/shestigrannik-kalibrovannyi;"Шестигранник калиброванный";999
http://www.metalaprakat.by/search/shestigrannik-kalibrovannyi;"Шестигранник калиброванный";999
http://ekb.metalloprokat.ru/search/shestigrannik-kalibrovannyi;"Шестигранник калиброванный";2059
http://msk.metalloprokat.ru/search/shestigrannik-kalibrovannyi;"Шестигранник калиброванный";525
http://izhevsk.metalloprokat.ru/search/shestigrannik-kalibrovannyi;"Шестигранник калиброванный";510
http://nnov.metalloprokat.ru/search/shestigrannik-kalibrovannyi;"Шестигранник калиброванный";275
http://almati.metalloprokat.kz/search/shestigrannik-kalibrovannyi;"Шестигранник калиброванный";115
http://rostov.metalloprokat.ru/search/shestigrannik-kalibrovannyi;"Шестигранник калиброванный";102
http://krasnoyarsk.metalloprokat.ru/search/shestigrannik-kalibrovannyi;"Шестигранник калиброванный";34
http://chel.metalloprokat.ru/search/shestigrannik-kalibrovannyi;"Шестигранник калиброванный";19
http://kazan.metalloprokat.ru/search/shestigrannik-kalibrovannyi;"Шестигранник калиброванный";19
http://spb.metalloprokat.ru/search/shestigrannik-kalibrovannyi;"Шестигранник калиброванный";14
http://nsk.metalloprokat.ru/search/shestigrannik-kalibrovannyi;"Шестигранник калиброванный";10
http://www.metalloprokat.ru/search/krug-goryachekatanyi;"Круг горячекатаный";37838
http://www.metalloprokat.kz/search/krug-goryachekatanyi;"Круг горячекатаный";7553
http://www.metalaprakat.by/search/krug-goryachekatanyi;"Круг горячекатаный";7147
http://www.metalloprokat.net.ua/search/krug-goryachekatanyi;"Круг горячекатаный";5239
http://ekb.metalloprokat.ru/search/krug-goryachekatanyi;"Круг горячекатаный";24584
http://msk.metalloprokat.ru/search/krug-goryachekatanyi;"Круг горячекатаный";5109
http://chel.metalloprokat.ru/search/krug-goryachekatanyi;"Круг горячекатаный";2255
http://almati.metalloprokat.kz/search/krug-goryachekatanyi;"Круг горячекатаный";2069
http://izhevsk.metalloprokat.ru/search/krug-goryachekatanyi;"Круг горячекатаный";1278
http://nsk.metalloprokat.ru/search/krug-goryachekatanyi;"Круг горячекатаный";1039
http://rostov.metalloprokat.ru/search/krug-goryachekatanyi;"Круг горячекатаный";626
http://nnov.metalloprokat.ru/search/krug-goryachekatanyi;"Круг горячекатаный";323
http://spb.metalloprokat.ru/search/krug-goryachekatanyi;"Круг горячекатаный";293
http://taganrog.metalloprokat.ru/search/krug-goryachekatanyi;"Круг горячекатаный";160
http://krasnodar.metalloprokat.ru/search/krug-goryachekatanyi;"Круг горячекатаный";36
http://kazan.metalloprokat.ru/search/krug-goryachekatanyi;"Круг горячекатаный";24
http://krasnoyarsk.metalloprokat.ru/search/krug-goryachekatanyi;"Круг горячекатаный";24
http://karaganda.metalloprokat.kz/search/krug-goryachekatanyi;"Круг горячекатаный";16
http://www.metalloprokat.ru/search/prutok-stalnoy;"Пруток стальной";33386
http://www.metalloprokat.kz/search/prutok-stalnoy;"Пруток стальной";26151
http://www.metalloprokat.net.ua/search/prutok-stalnoy;"Пруток стальной";25707
http://www.metalaprakat.by/search/prutok-stalnoy;"Пруток стальной";25707
http://ekb.metalloprokat.ru/search/prutok-stalnoy;"Пруток стальной";17295
http://nsk.metalloprokat.ru/search/prutok-stalnoy;"Пруток стальной";15477
http://chel.metalloprokat.ru/search/prutok-stalnoy;"Пруток стальной";446
http://spb.metalloprokat.ru/search/prutok-stalnoy;"Пруток стальной";154
http://www.metalloprokat.ru/search/svarochnyi-prutok;"Сварочный пруток";265
http://www.metalloprokat.net.ua/search/svarochnyi-prutok;"Сварочный пруток";206
http://www.metalloprokat.kz/search/svarochnyi-prutok;"Сварочный пруток";206
http://www.metalaprakat.by/search/svarochnyi-prutok;"Сварочный пруток";206
http://nsk.metalloprokat.ru/search/svarochnyi-prutok;"Сварочный пруток";162
http://ekb.metalloprokat.ru/search/svarochnyi-prutok;"Сварочный пруток";93
http://www.metalloprokat.ru/search/kalibrovannyi-prutok;"Калиброванный пруток";4489
http://www.metalloprokat.kz/search/kalibrovannyi-prutok;"Калиброванный пруток";3202
http://www.metalloprokat.net.ua/search/kalibrovannyi-prutok;"Калиброванный пруток";3182
http://www.metalaprakat.by/search/kalibrovannyi-prutok;"Калиброванный пруток";3182
http://almati.metalloprokat.kz/search/kalibrovannyi-prutok;"Калиброванный пруток";2596
http://ekb.metalloprokat.ru/search/kalibrovannyi-prutok;"Калиброванный пруток";1093
http://msk.metalloprokat.ru/search/kalibrovannyi-prutok;"Калиброванный пруток";506
http://nsk.metalloprokat.ru/search/kalibrovannyi-prutok;"Калиброванный пруток";274
http://chel.metalloprokat.ru/search/kalibrovannyi-prutok;"Калиброванный пруток";20
http://www.metalloprokat.ru/search/krug-otreznoy;"Круг отрезной";157
http://krasnodar.metalloprokat.ru/search/krug-otreznoy;"Круг отрезной";120
http://msk.metalloprokat.ru/search/krug-otreznoy;"Круг отрезной";26
http://tula.metalloprokat.ru/search/krug-otreznoy;"Круг отрезной";7
http://www.metalloprokat.ru/search/mednyi-provod;"Медный провод";100
http://www.metalloprokat.kz/search/mednyi-provod;"Медный провод";73
http://www.metalloprokat.net.ua/search/mednyi-provod;"Медный провод";33
http://www.metalaprakat.by/search/mednyi-provod;"Медный провод";33
http://msk.metalloprokat.ru/search/mednyi-provod;"Медный провод";60
http://ekb.metalloprokat.ru/search/mednyi-provod;"Медный провод";28
http://nnov.metalloprokat.ru/search/mednyi-provod;"Медный провод";8
http://www.metalloprokat.ru/search/troynik-flancevyi;"Тройник фланцевый";600
http://www.metalloprokat.kz/search/troynik-flancevyi;"Тройник фланцевый";522
http://www.metalloprokat.net.ua/search/troynik-flancevyi;"Тройник фланцевый";510
http://www.metalaprakat.by/search/troynik-flancevyi;"Тройник фланцевый";510
http://ekb.metalloprokat.ru/search/troynik-flancevyi;"Тройник фланцевый";362
http://nsk.metalloprokat.ru/search/troynik-flancevyi;"Тройник фланцевый";222
http://chel.metalloprokat.ru/search/troynik-flancevyi;"Тройник фланцевый";11
http://www.metalloprokat.ru/search/troynik-ravnoprohodnoy;"Тройник равнопроходной";799
http://www.metalloprokat.kz/search/troynik-ravnoprohodnoy;"Тройник равнопроходной";370
http://www.metalloprokat.net.ua/search/troynik-ravnoprohodnoy;"Тройник равнопроходной";357
http://www.metalaprakat.by/search/troynik-ravnoprohodnoy;"Тройник равнопроходной";357
http://nsk.metalloprokat.ru/search/troynik-ravnoprohodnoy;"Тройник равнопроходной";278
http://msk.metalloprokat.ru/search/troynik-ravnoprohodnoy;"Тройник равнопроходной";276
http://krasnodar.metalloprokat.ru/search/troynik-ravnoprohodnoy;"Тройник равнопроходной";58
http://chel.metalloprokat.ru/search/troynik-ravnoprohodnoy;"Тройник равнопроходной";56
http://almati.metalloprokat.kz/search/troynik-ravnoprohodnoy;"Тройник равнопроходной";54
http://ekb.metalloprokat.ru/search/troynik-ravnoprohodnoy;"Тройник равнопроходной";43
http://podolsk.metalloprokat.ru/search/troynik-ravnoprohodnoy;"Тройник равнопроходной";14
http://rostov.metalloprokat.ru/search/troynik-ravnoprohodnoy;"Тройник равнопроходной";13
http://www.metalloprokat.ru/search/troynik-latunnyi;"Тройник латунный";20
http://www.metalloprokat.net.ua/search/troynik-latunnyi;"Тройник латунный";8
http://www.metalloprokat.kz/search/troynik-latunnyi;"Тройник латунный";7
http://ekb.metalloprokat.ru/search/troynik-latunnyi;"Тройник латунный";12
http://harkov.metalloprokat.net.ua/search/troynik-latunnyi;"Тройник латунный";8
http://chel.metalloprokat.ru/search/troynik-latunnyi;"Тройник латунный";7
http://www.metalloprokat.ru/search/fundamentnyi-bolt;"Фундаментный болт";1915
http://www.metalloprokat.net.ua/search/fundamentnyi-bolt;"Фундаментный болт";977
http://www.metalloprokat.kz/search/fundamentnyi-bolt;"Фундаментный болт";977
http://www.metalaprakat.by/search/fundamentnyi-bolt;"Фундаментный болт";977
http://ekb.metalloprokat.ru/search/fundamentnyi-bolt;"Фундаментный болт";1488
http://almati.metalloprokat.kz/search/fundamentnyi-bolt;"Фундаментный болт";271
http://msk.metalloprokat.ru/search/fundamentnyi-bolt;"Фундаментный болт";104
http://spb.metalloprokat.ru/search/fundamentnyi-bolt;"Фундаментный болт";14
http://krasnodar.metalloprokat.ru/search/fundamentnyi-bolt;"Фундаментный болт";12
http://nsk.metalloprokat.ru/search/fundamentnyi-bolt;"Фундаментный болт";10
http://www.metalloprokat.ru/search/armatura-dlya-fundamenta;"Арматура для фундамента";318
http://www.metalloprokat.kz/search/armatura-dlya-fundamenta;"Арматура для фундамента";91
http://www.metalaprakat.by/search/armatura-dlya-fundamenta;"Арматура для фундамента";34
http://www.metalloprokat.net.ua/search/armatura-dlya-fundamenta;"Арматура для фундамента";31
http://chel.metalloprokat.ru/search/armatura-dlya-fundamenta;"Арматура для фундамента";120
http://msk.metalloprokat.ru/search/armatura-dlya-fundamenta;"Арматура для фундамента";56
http://ekb.metalloprokat.ru/search/armatura-dlya-fundamenta;"Арматура для фундамента";37
http://nnov.metalloprokat.ru/search/armatura-dlya-fundamenta;"Арматура для фундамента";31
http://krasnoyarsk.metalloprokat.ru/search/armatura-dlya-fundamenta;"Арматура для фундамента";21
http://spb.metalloprokat.ru/search/armatura-dlya-fundamenta;"Арматура для фундамента";10
http://krasnodar.metalloprokat.ru/search/armatura-dlya-fundamenta;"Арматура для фундамента";10
http://www.metalloprokat.ru/search/plastikovaya-armatura;"Пластиковая арматура";344
http://www.metalloprokat.kz/search/plastikovaya-armatura;"Пластиковая арматура";17
http://rostov.metalloprokat.ru/search/plastikovaya-armatura;"Пластиковая арматура";56
http://perm.metalloprokat.ru/search/plastikovaya-armatura;"Пластиковая арматура";40
http://ekb.metalloprokat.ru/search/plastikovaya-armatura;"Пластиковая арматура";40
http://msk.metalloprokat.ru/search/plastikovaya-armatura;"Пластиковая арматура";28
http://krasnodar.metalloprokat.ru/search/plastikovaya-armatura;"Пластиковая арматура";23
http://kazan.metalloprokat.ru/search/plastikovaya-armatura;"Пластиковая арматура";17
http://penza.metalloprokat.ru/search/plastikovaya-armatura;"Пластиковая арматура";16
http://chel.metalloprokat.ru/search/plastikovaya-armatura;"Пластиковая арматура";13
http://krasnoyarsk.metalloprokat.ru/search/plastikovaya-armatura;"Пластиковая арматура";11
http://volgograd.metalloprokat.ru/search/plastikovaya-armatura;"Пластиковая арматура";10
http://nab-chelni.metalloprokat.ru/search/plastikovaya-armatura;"Пластиковая арматура";9
http://vologda.metalloprokat.ru/search/plastikovaya-armatura;"Пластиковая арматура";9
http://balashiha.metalloprokat.ru/search/plastikovaya-armatura;"Пластиковая арматура";7
http://astana.metalloprokat.kz/search/plastikovaya-armatura;"Пластиковая арматура";7
http://petrozavodsk.metalloprokat.ru/search/plastikovaya-armatura;"Пластиковая арматура";7
http://www.metalloprokat.ru/search/armatura-metallicheskaya;"Арматура металлическая";16
http://perm.metalloprokat.ru/search/armatura-metallicheskaya;"Арматура металлическая";12
http://www.metalloprokat.ru/search/armatura-gladkaya;"Арматура гладкая";387
http://www.metalloprokat.kz/search/armatura-gladkaya;"Арматура гладкая";174
http://www.metalloprokat.net.ua/search/armatura-gladkaya;"Арматура гладкая";28
http://www.metalaprakat.by/search/armatura-gladkaya;"Арматура гладкая";28
http://msk.metalloprokat.ru/search/armatura-gladkaya;"Арматура гладкая";152
http://chel.metalloprokat.ru/search/armatura-gladkaya;"Арматура гладкая";108
http://ekb.metalloprokat.ru/search/armatura-gladkaya;"Арматура гладкая";54
http://spb.metalloprokat.ru/search/armatura-gladkaya;"Арматура гладкая";26
http://nnov.metalloprokat.ru/search/armatura-gladkaya;"Арматура гладкая";22
http://rostov.metalloprokat.ru/search/armatura-gladkaya;"Арматура гладкая";10
http://www.metalloprokat.ru/search/rezka-armatury;"Резка арматуры";9034
http://www.metalloprokat.kz/search/rezka-armatury;"Резка арматуры";2679
http://www.metalaprakat.by/search/rezka-armatury;"Резка арматуры";1900
http://www.metalloprokat.net.ua/search/rezka-armatury;"Резка арматуры";1891
http://ekb.metalloprokat.ru/search/rezka-armatury;"Резка арматуры";5454
http://msk.metalloprokat.ru/search/rezka-armatury;"Резка арматуры";1031
http://nnov.metalloprokat.ru/search/rezka-armatury;"Резка арматуры";640
http://chel.metalloprokat.ru/search/rezka-armatury;"Резка арматуры";622
http://nsk.metalloprokat.ru/search/rezka-armatury;"Резка арматуры";317
http://krasnoyarsk.metalloprokat.ru/search/rezka-armatury;"Резка арматуры";241
http://krasnodar.metalloprokat.ru/search/rezka-armatury;"Резка арматуры";193
http://almati.metalloprokat.kz/search/rezka-armatury;"Резка арматуры";123
http://spb.metalloprokat.ru/search/rezka-armatury;"Резка арматуры";111
http://rostov.metalloprokat.ru/search/rezka-armatury;"Резка арматуры";32
http://vladimir.metalloprokat.ru/search/rezka-armatury;"Резка арматуры";28
http://belgorod.metalloprokat.ru/search/rezka-armatury;"Резка арматуры";23
http://novoross.metalloprokat.ru/search/rezka-armatury;"Резка арматуры";16
http://stavropol.metalloprokat.ru/search/rezka-armatury;"Резка арматуры";15
http://habarovsk.metalloprokat.ru/search/rezka-armatury;"Резка арматуры";15
http://lipetsk.metalloprokat.ru/search/rezka-armatury;"Резка арматуры";15
http://izhevsk.metalloprokat.ru/search/rezka-armatury;"Резка арматуры";13
http://perm.metalloprokat.ru/search/rezka-armatury;"Резка арматуры";12
http://voronezh.metalloprokat.ru/search/rezka-armatury;"Резка арматуры";11
http://minsk.metalaprakat.by/search/rezka-armatury;"Резка арматуры";11
http://saratov.metalloprokat.ru/search/rezka-armatury;"Резка арматуры";9
http://ulyanovsk.metalloprokat.ru/search/rezka-armatury;"Резка арматуры";8
http://tula.metalloprokat.ru/search/rezka-armatury;"Резка арматуры";7
http://vologda.metalloprokat.ru/search/rezka-armatury;"Резка арматуры";7
http://ufa.metalloprokat.ru/search/rezka-armatury;"Резка арматуры";7
http://www.metalloprokat.ru/search/polimernaya-armatura;"Полимерная арматура";473
http://www.metalloprokat.kz/search/polimernaya-armatura;"Полимерная арматура";29
http://www.metalloprokat.net.ua/search/polimernaya-armatura;"Полимерная арматура";19
http://www.metalaprakat.by/search/polimernaya-armatura;"Полимерная арматура";17
http://rostov.metalloprokat.ru/search/polimernaya-armatura;"Полимерная арматура";58
http://ekb.metalloprokat.ru/search/polimernaya-armatura;"Полимерная арматура";54
http://msk.metalloprokat.ru/search/polimernaya-armatura;"Полимерная арматура";41
http://perm.metalloprokat.ru/search/polimernaya-armatura;"Полимерная арматура";39
http://krasnoyarsk.metalloprokat.ru/search/polimernaya-armatura;"Полимерная арматура";27
http://chel.metalloprokat.ru/search/polimernaya-armatura;"Полимерная арматура";27
http://krasnodar.metalloprokat.ru/search/polimernaya-armatura;"Полимерная арматура";23
http://stavropol.metalloprokat.ru/search/polimernaya-armatura;"Полимерная арматура";19
http://penza.metalloprokat.ru/search/polimernaya-armatura;"Полимерная арматура";16
http://volgograd.metalloprokat.ru/search/polimernaya-armatura;"Полимерная арматура";13
http://balashiha.metalloprokat.ru/search/polimernaya-armatura;"Полимерная арматура";12
http://samara.metalloprokat.ru/search/polimernaya-armatura;"Полимерная арматура";10
http://novoross.metalloprokat.ru/search/polimernaya-armatura;"Полимерная арматура";10
http://nab-chelni.metalloprokat.ru/search/polimernaya-armatura;"Полимерная арматура";9
http://spb.metalloprokat.ru/search/polimernaya-armatura;"Полимерная арматура";9
http://nsk.metalloprokat.ru/search/polimernaya-armatura;"Полимерная арматура";9
http://vologda.metalloprokat.ru/search/polimernaya-armatura;"Полимерная арматура";8
http://voljskiy.metalloprokat.ru/search/polimernaya-armatura;"Полимерная арматура";8
http://astana.metalloprokat.kz/search/polimernaya-armatura;"Полимерная арматура";7
http://belgorod.metalloprokat.ru/search/polimernaya-armatura;"Полимерная арматура";7
http://petrozavodsk.metalloprokat.ru/search/polimernaya-armatura;"Полимерная арматура";7
http://www.metalloprokat.ru/search/armatura-armirovannaya;"Арматура армированная";22
http://ekb.metalloprokat.ru/search/armatura-armirovannaya;"Арматура армированная";16
http://www.metalloprokat.ru/search/periodicheskaya-armatura;"Периодическая арматура";41
http://www.metalloprokat.kz/search/periodicheskaya-armatura;"Периодическая арматура";25
http://msk.metalloprokat.ru/search/periodicheskaya-armatura;"Периодическая арматура";17
http://chel.metalloprokat.ru/search/periodicheskaya-armatura;"Периодическая арматура";9
http://ekb.metalloprokat.ru/search/periodicheskaya-armatura;"Периодическая арматура";8
http://www.metalloprokat.ru/search/lezhalaya-armatura;"Лежалая арматура";33
http://www.metalloprokat.kz/search/lezhalaya-armatura;"Лежалая арматура";26
http://chel.metalloprokat.ru/search/lezhalaya-armatura;"Лежалая арматура";26
http://msk.metalloprokat.ru/search/lezhalaya-armatura;"Лежалая арматура";7
http://www.metalloprokat.ru/search/armatura-kruglaya;"Арматура круглая";18
http://www.metalloprokat.kz/search/armatura-kruglaya;"Арматура круглая";15
http://msk.metalloprokat.ru/search/armatura-kruglaya;"Арматура круглая";16
http://www.metalloprokat.ru/search/nemernaya-armatura;"Немерная арматура";675
http://www.metalloprokat.kz/search/nemernaya-armatura;"Немерная арматура";55
http://www.metalaprakat.by/search/nemernaya-armatura;"Немерная арматура";47
http://www.metalloprokat.net.ua/search/nemernaya-armatura;"Немерная арматура";46
http://ekb.metalloprokat.ru/search/nemernaya-armatura;"Немерная арматура";614
http://msk.metalloprokat.ru/search/nemernaya-armatura;"Немерная арматура";24
http://chel.metalloprokat.ru/search/nemernaya-armatura;"Немерная арматура";17
http://nsk.metalloprokat.ru/search/nemernaya-armatura;"Немерная арматура";11
http://www.metalloprokat.ru/search/balka-metallicheskaya;"Балка металлическая";165
http://www.metalloprokat.kz/search/balka-metallicheskaya;"Балка металлическая";79
http://www.metalloprokat.net.ua/search/balka-metallicheskaya;"Балка металлическая";7
http://www.metalaprakat.by/search/balka-metallicheskaya;"Балка металлическая";7
http://chel.metalloprokat.ru/search/balka-metallicheskaya;"Балка металлическая";55
http://ivanovo.metalloprokat.ru/search/balka-metallicheskaya;"Балка металлическая";50
http://ekb.metalloprokat.ru/search/balka-metallicheskaya;"Балка металлическая";34
http://msk.metalloprokat.ru/search/balka-metallicheskaya;"Балка металлическая";18
http://www.metalloprokat.ru/search/balka-stalnaya;"Балка стальная";2950
http://www.metalloprokat.kz/search/balka-stalnaya;"Балка стальная";1571
http://www.metalloprokat.net.ua/search/balka-stalnaya;"Балка стальная";1211
http://www.metalaprakat.by/search/balka-stalnaya;"Балка стальная";1211
http://ekb.metalloprokat.ru/search/balka-stalnaya;"Балка стальная";1169
http://nnov.metalloprokat.ru/search/balka-stalnaya;"Балка стальная";859
http://msk.metalloprokat.ru/search/balka-stalnaya;"Балка стальная";586
http://spb.metalloprokat.ru/search/balka-stalnaya;"Балка стальная";246
http://chel.metalloprokat.ru/search/balka-stalnaya;"Балка стальная";41
http://nsk.metalloprokat.ru/search/balka-stalnaya;"Балка стальная";24
http://krasnoyarsk.metalloprokat.ru/search/balka-stalnaya;"Балка стальная";16
http://www.metalloprokat.ru/search/tavrovaya-balka;"тавровая балка";19635
http://www.metalloprokat.kz/search/tavrovaya-balka;"тавровая балка";5472
http://www.metalloprokat.net.ua/search/tavrovaya-balka;"тавровая балка";4654
http://www.metalaprakat.by/search/tavrovaya-balka;"тавровая балка";4654
http://ekb.metalloprokat.ru/search/tavrovaya-balka;"тавровая балка";8411
http://msk.metalloprokat.ru/search/tavrovaya-balka;"тавровая балка";3756
http://nnov.metalloprokat.ru/search/tavrovaya-balka;"тавровая балка";2885
http://spb.metalloprokat.ru/search/tavrovaya-balka;"тавровая балка";1026
http://krasnoyarsk.metalloprokat.ru/search/tavrovaya-balka;"тавровая балка";806
http://nsk.metalloprokat.ru/search/tavrovaya-balka;"тавровая балка";740
http://chel.metalloprokat.ru/search/tavrovaya-balka;"тавровая балка";677
http://almati.metalloprokat.kz/search/tavrovaya-balka;"тавровая балка";338
http://krasnodar.metalloprokat.ru/search/tavrovaya-balka;"тавровая балка";308
http://rostov.metalloprokat.ru/search/tavrovaya-balka;"тавровая балка";164
http://ivanovo.metalloprokat.ru/search/tavrovaya-balka;"тавровая балка";61
http://samara.metalloprokat.ru/search/tavrovaya-balka;"тавровая балка";60
http://pervoural.metalloprokat.ru/search/tavrovaya-balka;"тавровая балка";60
http://odincovo.metalloprokat.ru/search/tavrovaya-balka;"тавровая балка";53
http://nab-chelni.metalloprokat.ru/search/tavrovaya-balka;"тавровая балка";28
http://tula.metalloprokat.ru/search/tavrovaya-balka;"тавровая балка";28
http://habarovsk.metalloprokat.ru/search/tavrovaya-balka;"тавровая балка";27
http://podolsk.metalloprokat.ru/search/tavrovaya-balka;"тавровая балка";22
http://dimit-grad.metalloprokat.ru/search/tavrovaya-balka;"тавровая балка";17
http://tver.metalloprokat.ru/search/tavrovaya-balka;"тавровая балка";13
http://vladimir.metalloprokat.ru/search/tavrovaya-balka;"тавровая балка";13
http://tambov.metalloprokat.ru/search/tavrovaya-balka;"тавровая балка";12
http://volgograd.metalloprokat.ru/search/tavrovaya-balka;"тавровая балка";11
http://belgorod.metalloprokat.ru/search/tavrovaya-balka;"тавровая балка";8
http://petrozavodsk.metalloprokat.ru/search/tavrovaya-balka;"тавровая балка";7
http://ulyanovsk.metalloprokat.ru/search/tavrovaya-balka;"тавровая балка";7
http://toljatti.metalloprokat.ru/search/tavrovaya-balka;"тавровая балка";7
http://perm.metalloprokat.ru/search/tavrovaya-balka;"тавровая балка";7
http://www.metalloprokat.ru/search/balka-bu;"Балка бу";11
http://msk.metalloprokat.ru/search/balka-bu;"Балка бу";10
http://www.metalloprokat.ru/search/mednaya-katanka;"Медная катанка";95
http://www.metalloprokat.kz/search/mednaya-katanka;"Медная катанка";13
http://msk.metalloprokat.ru/search/mednaya-katanka;"Медная катанка";93
http://www.metalloprokat.ru/search/katanka-stalnaya;"Катанка стальная";500
http://www.metalloprokat.kz/search/katanka-stalnaya;"Катанка стальная";294
http://www.metalloprokat.net.ua/search/katanka-stalnaya;"Катанка стальная";231
http://www.metalaprakat.by/search/katanka-stalnaya;"Катанка стальная";231
http://ekb.metalloprokat.ru/search/katanka-stalnaya;"Катанка стальная";212
http://msk.metalloprokat.ru/search/katanka-stalnaya;"Катанка стальная";164
http://almati.metalloprokat.kz/search/katanka-stalnaya;"Катанка стальная";53
http://chel.metalloprokat.ru/search/katanka-stalnaya;"Катанка стальная";28
http://nnov.metalloprokat.ru/search/katanka-stalnaya;"Катанка стальная";23
http://spb.metalloprokat.ru/search/katanka-stalnaya;"Катанка стальная";16
http://www.metalloprokat.ru/search/armaturnyi-karkas;"Арматурный каркас";61
http://www.metalloprokat.net.ua/search/armaturnyi-karkas;"Арматурный каркас";30
http://www.metalloprokat.kz/search/armaturnyi-karkas;"Арматурный каркас";30
http://www.metalaprakat.by/search/armaturnyi-karkas;"Арматурный каркас";30
http://ekb.metalloprokat.ru/search/armaturnyi-karkas;"Арматурный каркас";25
http://almati.metalloprokat.kz/search/armaturnyi-karkas;"Арматурный каркас";22
http://nsk.metalloprokat.ru/search/armaturnyi-karkas;"Арматурный каркас";7
http://www.metalloprokat.ru/search/plity-perekrytiya;"Плиты перекрытия";4107
http://www.metalloprokat.kz/search/plity-perekrytiya;"Плиты перекрытия";842
http://www.metalloprokat.net.ua/search/plity-perekrytiya;"Плиты перекрытия";662
http://www.metalaprakat.by/search/plity-perekrytiya;"Плиты перекрытия";661
http://msk.metalloprokat.ru/search/plity-perekrytiya;"Плиты перекрытия";2766
http://ekb.metalloprokat.ru/search/plity-perekrytiya;"Плиты перекрытия";552
http://toljatti.metalloprokat.ru/search/plity-perekrytiya;"Плиты перекрытия";181
http://spb.metalloprokat.ru/search/plity-perekrytiya;"Плиты перекрытия";144
http://almati.metalloprokat.kz/search/plity-perekrytiya;"Плиты перекрытия";134
http://krasnodar.metalloprokat.ru/search/plity-perekrytiya;"Плиты перекрытия";133
http://ulyanovsk.metalloprokat.ru/search/plity-perekrytiya;"Плиты перекрытия";71
http://nsk.metalloprokat.ru/search/plity-perekrytiya;"Плиты перекрытия";25
http://chel.metalloprokat.ru/search/plity-perekrytiya;"Плиты перекрытия";23
http://rostov.metalloprokat.ru/search/plity-perekrytiya;"Плиты перекрытия";14
http://nnov.metalloprokat.ru/search/plity-perekrytiya;"Плиты перекрытия";12
http://vladimir.metalloprokat.ru/search/plity-perekrytiya;"Плиты перекрытия";11
http://tula.metalloprokat.ru/search/plity-perekrytiya;"Плиты перекрытия";9
http://tyumen.metalloprokat.ru/search/plity-perekrytiya;"Плиты перекрытия";8
http://www.metalloprokat.ru/search/plity-dorozhnye;"Плиты дорожные";49
http://msk.metalloprokat.ru/search/plity-dorozhnye;"Плиты дорожные";26
http://vladimir.metalloprokat.ru/search/plity-dorozhnye;"Плиты дорожные";10
http://nnov.metalloprokat.ru/search/plity-dorozhnye;"Плиты дорожные";8
http://www.metalloprokat.ru/search/plita-chugunnaya;"Плита чугунная";17
http://spb.metalloprokat.ru/search/plita-chugunnaya;"Плита чугунная";13
http://www.metalloprokat.ru/search/plity-pustotnye;"Плиты пустотные";24
http://msk.metalloprokat.ru/search/plity-pustotnye;"Плиты пустотные";24
http://www.metalloprokat.ru/search/uteplitel;Утеплитель;11
http://msk.metalloprokat.ru/search/uteplitel;Утеплитель;8
http://www.metalloprokat.ru/search/opornaya-plita;"Опорная плита";12
http://www.metalloprokat.ru/search/plity-mnogopustotnye;"Плиты многопустотные";13
http://krasnodar.metalloprokat.ru/search/plity-mnogopustotnye;"Плиты многопустотные";13
http://www.metalloprokat.ru/search/pokovka-stalnye;"Поковка стальные";1034
http://www.metalloprokat.kz/search/pokovka-stalnye;"Поковка стальные";957
http://www.metalloprokat.net.ua/search/pokovka-stalnye;"Поковка стальные";142
http://www.metalaprakat.by/search/pokovka-stalnye;"Поковка стальные";142
http://chel.metalloprokat.ru/search/pokovka-stalnye;"Поковка стальные";815
http://msk.metalloprokat.ru/search/pokovka-stalnye;"Поковка стальные";81
http://ekb.metalloprokat.ru/search/pokovka-stalnye;"Поковка стальные";78
http://nsk.metalloprokat.ru/search/pokovka-stalnye;"Поковка стальные";47
http://www.metalloprokat.ru/search/pokovka-kvadratnaya;"Поковка квадратная";2102
http://www.metalloprokat.kz/search/pokovka-kvadratnaya;"Поковка квадратная";192
http://ekb.metalloprokat.ru/search/pokovka-kvadratnaya;"Поковка квадратная";1694
http://chel.metalloprokat.ru/search/pokovka-kvadratnaya;"Поковка квадратная";187
http://nnov.metalloprokat.ru/search/pokovka-kvadratnaya;"Поковка квадратная";174
http://spb.metalloprokat.ru/search/pokovka-kvadratnaya;"Поковка квадратная";42
http://www.metalloprokat.ru/search/pokovka-stalnaya;"Поковка стальная";1035
http://www.metalloprokat.kz/search/pokovka-stalnaya;"Поковка стальная";958
http://www.metalloprokat.net.ua/search/pokovka-stalnaya;"Поковка стальная";143
http://www.metalaprakat.by/search/pokovka-stalnaya;"Поковка стальная";143
http://chel.metalloprokat.ru/search/pokovka-stalnaya;"Поковка стальная";815
http://msk.metalloprokat.ru/search/pokovka-stalnaya;"Поковка стальная";81
http://ekb.metalloprokat.ru/search/pokovka-stalnaya;"Поковка стальная";79
http://nsk.metalloprokat.ru/search/pokovka-stalnaya;"Поковка стальная";47
http://www.metalloprokat.ru/search/pokovki-gost-8479;"поковки гост 8479";12967
http://www.metalloprokat.kz/search/pokovki-gost-8479;"поковки гост 8479";10273
http://www.metalloprokat.net.ua/search/pokovki-gost-8479;"поковки гост 8479";10079
http://www.metalaprakat.by/search/pokovki-gost-8479;"поковки гост 8479";10079
http://ekb.metalloprokat.ru/search/pokovki-gost-8479;"поковки гост 8479";10378
http://nnov.metalloprokat.ru/search/pokovki-gost-8479;"поковки гост 8479";1204
http://msk.metalloprokat.ru/search/pokovki-gost-8479;"поковки гост 8479";1147
http://chel.metalloprokat.ru/search/pokovki-gost-8479;"поковки гост 8479";187
http://krasnoyarsk.metalloprokat.ru/search/pokovki-gost-8479;"поковки гост 8479";28
http://spb.metalloprokat.ru/search/pokovki-gost-8479;"поковки гост 8479";12
http://nsk.metalloprokat.ru/search/pokovki-gost-8479;"поковки гост 8479";9
http://www.metalloprokat.ru/search/relsy-zheleznodorozhnye;"Рельсы железнодорожные";271
http://www.metalloprokat.kz/search/relsy-zheleznodorozhnye;"Рельсы железнодорожные";172
http://www.metalloprokat.net.ua/search/relsy-zheleznodorozhnye;"Рельсы железнодорожные";132
http://www.metalaprakat.by/search/relsy-zheleznodorozhnye;"Рельсы железнодорожные";132
http://almati.metalloprokat.kz/search/relsy-zheleznodorozhnye;"Рельсы железнодорожные";75
http://msk.metalloprokat.ru/search/relsy-zheleznodorozhnye;"Рельсы железнодорожные";68
http://nnov.metalloprokat.ru/search/relsy-zheleznodorozhnye;"Рельсы железнодорожные";56
http://ekb.metalloprokat.ru/search/relsy-zheleznodorozhnye;"Рельсы железнодорожные";31
http://chel.metalloprokat.ru/search/relsy-zheleznodorozhnye;"Рельсы железнодорожные";25
http://spb.metalloprokat.ru/search/relsy-zheleznodorozhnye;"Рельсы железнодорожные";10
http://www.metalloprokat.ru/search/relsy-kranovye;"Рельсы крановые";228
http://www.metalloprokat.kz/search/relsy-kranovye;"Рельсы крановые";111
http://www.metalloprokat.net.ua/search/relsy-kranovye;"Рельсы крановые";87
http://www.metalaprakat.by/search/relsy-kranovye;"Рельсы крановые";86
http://ekb.metalloprokat.ru/search/relsy-kranovye;"Рельсы крановые";76
http://msk.metalloprokat.ru/search/relsy-kranovye;"Рельсы крановые";55
http://nnov.metalloprokat.ru/search/relsy-kranovye;"Рельсы крановые";44
http://almati.metalloprokat.kz/search/relsy-kranovye;"Рельсы крановые";18
http://chel.metalloprokat.ru/search/relsy-kranovye;"Рельсы крановые";16
http://www.metalloprokat.ru/search/tramvaynye-relsy;"Трамвайные рельсы";63
http://www.metalloprokat.kz/search/tramvaynye-relsy;"Трамвайные рельсы";33
http://www.metalloprokat.net.ua/search/tramvaynye-relsy;"Трамвайные рельсы";22
http://www.metalaprakat.by/search/tramvaynye-relsy;"Трамвайные рельсы";22
http://ekb.metalloprokat.ru/search/tramvaynye-relsy;"Трамвайные рельсы";18
http://msk.metalloprokat.ru/search/tramvaynye-relsy;"Трамвайные рельсы";15
http://nnov.metalloprokat.ru/search/tramvaynye-relsy;"Трамвайные рельсы";12
http://chel.metalloprokat.ru/search/tramvaynye-relsy;"Трамвайные рельсы";8
http://www.metalloprokat.ru/search/shveller-ravnopolochnyi;"Швеллер равнополочный";840
http://www.metalloprokat.kz/search/shveller-ravnopolochnyi;"Швеллер равнополочный";361
http://www.metalloprokat.net.ua/search/shveller-ravnopolochnyi;"Швеллер равнополочный";343
http://www.metalaprakat.by/search/shveller-ravnopolochnyi;"Швеллер равнополочный";343
http://nnov.metalloprokat.ru/search/shveller-ravnopolochnyi;"Швеллер равнополочный";400
http://ekb.metalloprokat.ru/search/shveller-ravnopolochnyi;"Швеллер равнополочный";293
http://nsk.metalloprokat.ru/search/shveller-ravnopolochnyi;"Швеллер равнополочный";129
http://chel.metalloprokat.ru/search/shveller-ravnopolochnyi;"Швеллер равнополочный";16
http://www.metalloprokat.ru/search/shveller-perforirovannyi;"Швеллер перфорированный";372
http://www.metalloprokat.kz/search/shveller-perforirovannyi;"Швеллер перфорированный";230
http://www.metalloprokat.net.ua/search/shveller-perforirovannyi;"Швеллер перфорированный";222
http://www.metalaprakat.by/search/shveller-perforirovannyi;"Швеллер перфорированный";222
http://ekb.metalloprokat.ru/search/shveller-perforirovannyi;"Швеллер перфорированный";171
http://nsk.metalloprokat.ru/search/shveller-perforirovannyi;"Швеллер перфорированный";117
http://msk.metalloprokat.ru/search/shveller-perforirovannyi;"Швеллер перфорированный";72
http://chel.metalloprokat.ru/search/shveller-perforirovannyi;"Швеллер перфорированный";8
http://www.metalloprokat.ru/search/shveller-parallelnyi;"Швеллер параллельный";79
http://msk.metalloprokat.ru/search/shveller-parallelnyi;"Швеллер параллельный";78
http://www.metalloprokat.ru/search/bolt-shestigrannik;"Болт шестигранник";10
http://nsk.metalloprokat.ru/search/bolt-shestigrannik;"Болт шестигранник";10
http://www.metalloprokat.ru/search/shestigrannik-stalnoy;"Шестигранник стальной";3372
http://www.metalloprokat.kz/search/shestigrannik-stalnoy;"Шестигранник стальной";2336
http://www.metalloprokat.net.ua/search/shestigrannik-stalnoy;"Шестигранник стальной";2113
http://www.metalaprakat.by/search/shestigrannik-stalnoy;"Шестигранник стальной";2113
http://ekb.metalloprokat.ru/search/shestigrannik-stalnoy;"Шестигранник стальной";1922
http://msk.metalloprokat.ru/search/shestigrannik-stalnoy;"Шестигранник стальной";649
http://nsk.metalloprokat.ru/search/shestigrannik-stalnoy;"Шестигранник стальной";529
http://chel.metalloprokat.ru/search/shestigrannik-stalnoy;"Шестигранник стальной";167
http://almati.metalloprokat.kz/search/shestigrannik-stalnoy;"Шестигранник стальной";85
http://www.metalloprokat.ru/search/ploskiy-shifer;"Плоский шифер";32
http://krasnodar.metalloprokat.ru/search/ploskiy-shifer;"Плоский шифер";20
http://podolsk.metalloprokat.ru/search/ploskiy-shifer;"Плоский шифер";7
http://www.metalloprokat.ru/search/profnastil-okrashennyi;"Профнастил окрашенный";29987
http://www.metalloprokat.kz/search/profnastil-okrashennyi;"Профнастил окрашенный";10
http://msk.metalloprokat.ru/search/profnastil-okrashennyi;"Профнастил окрашенный";29852
http://lipetsk.metalloprokat.ru/search/profnastil-okrashennyi;"Профнастил окрашенный";41
http://spb.metalloprokat.ru/search/profnastil-okrashennyi;"Профнастил окрашенный";22
http://chel.metalloprokat.ru/search/profnastil-okrashennyi;"Профнастил окрашенный";21
http://ryazan.metalloprokat.ru/search/profnastil-okrashennyi;"Профнастил окрашенный";10
http://ekb.metalloprokat.ru/search/profnastil-okrashennyi;"Профнастил окрашенный";10
http://kazan.metalloprokat.ru/search/profnastil-okrashennyi;"Профнастил окрашенный";7
http://www.metalloprokat.ru/search/profnastil-zelenyi;"Профнастил зеленый";236
http://www.metalloprokat.kz/search/profnastil-zelenyi;"Профнастил зеленый";23
http://www.metalloprokat.net.ua/search/profnastil-zelenyi;"Профнастил зеленый";22
http://www.metalaprakat.by/search/profnastil-zelenyi;"Профнастил зеленый";22
http://msk.metalloprokat.ru/search/profnastil-zelenyi;"Профнастил зеленый";184
http://ekb.metalloprokat.ru/search/profnastil-zelenyi;"Профнастил зеленый";29
http://nnov.metalloprokat.ru/search/profnastil-zelenyi;"Профнастил зеленый";18
http://www.metalloprokat.ru/search/profnastil-korichnevyi;"Профнастил коричневый";212
http://www.metalloprokat.net.ua/search/profnastil-korichnevyi;"Профнастил коричневый";20
http://www.metalloprokat.kz/search/profnastil-korichnevyi;"Профнастил коричневый";20
http://www.metalaprakat.by/search/profnastil-korichnevyi;"Профнастил коричневый";20
http://msk.metalloprokat.ru/search/profnastil-korichnevyi;"Профнастил коричневый";170
http://nnov.metalloprokat.ru/search/profnastil-korichnevyi;"Профнастил коричневый";16
http://ekb.metalloprokat.ru/search/profnastil-korichnevyi;"Профнастил коричневый";15
http://nsk.metalloprokat.ru/search/profnastil-korichnevyi;"Профнастил коричневый";10
http://www.metalloprokat.ru/search/profnastil-poliester;"Профнастил полиэстер";70
http://msk.metalloprokat.ru/search/profnastil-poliester;"Профнастил полиэстер";50
http://magnitogorsk.metalloprokat.ru/search/profnastil-poliester;"Профнастил полиэстер";8
http://www.metalloprokat.ru/search/profnastil-polimernyi;"Профнастил полимерный";822
http://www.metalloprokat.kz/search/profnastil-polimernyi;"Профнастил полимерный";293
http://www.metalloprokat.net.ua/search/profnastil-polimernyi;"Профнастил полимерный";280
http://www.metalaprakat.by/search/profnastil-polimernyi;"Профнастил полимерный";280
http://ekb.metalloprokat.ru/search/profnastil-polimernyi;"Профнастил полимерный";330
http://msk.metalloprokat.ru/search/profnastil-polimernyi;"Профнастил полимерный";260
http://nnov.metalloprokat.ru/search/profnastil-polimernyi;"Профнастил полимерный";129
http://nsk.metalloprokat.ru/search/profnastil-polimernyi;"Профнастил полимерный";50
http://chel.metalloprokat.ru/search/profnastil-polimernyi;"Профнастил полимерный";10
http://spb.metalloprokat.ru/search/profnastil-polimernyi;"Профнастил полимерный";8
http://krasnoyarsk.metalloprokat.ru/search/profnastil-polimernyi;"Профнастил полимерный";7
http://www.metalloprokat.ru/search/profnastil-belyi;"Профнастил белый";157
http://msk.metalloprokat.ru/search/profnastil-belyi;"Профнастил белый";132
http://ekb.metalloprokat.ru/search/profnastil-belyi;"Профнастил белый";19
http://www.metalloprokat.ru/search/profnastil-krasnyi;"Профнастил красный";60
http://ekb.metalloprokat.ru/search/profnastil-krasnyi;"Профнастил красный";33
http://msk.metalloprokat.ru/search/profnastil-krasnyi;"Профнастил красный";24
http://www.metalloprokat.ru/search/profnastil-shokolad;"Профнастил шоколад";193
http://www.metalloprokat.net.ua/search/profnastil-shokolad;"Профнастил шоколад";20
http://www.metalloprokat.kz/search/profnastil-shokolad;"Профнастил шоколад";20
http://www.metalaprakat.by/search/profnastil-shokolad;"Профнастил шоколад";20
http://msk.metalloprokat.ru/search/profnastil-shokolad;"Профнастил шоколад";160
http://nnov.metalloprokat.ru/search/profnastil-shokolad;"Профнастил шоколад";16
http://nsk.metalloprokat.ru/search/profnastil-shokolad;"Профнастил шоколад";9
http://ekb.metalloprokat.ru/search/profnastil-shokolad;"Профнастил шоколад";8
http://www.metalloprokat.ru/search/seryi-profnastil;"Серый профнастил";114
http://msk.metalloprokat.ru/search/seryi-profnastil;"Серый профнастил";96
http://ekb.metalloprokat.ru/search/seryi-profnastil;"Серый профнастил";15
http://www.metalloprokat.ru/search/lenta-shtrips;Лента-штрипс;68
http://msk.metalloprokat.ru/search/lenta-shtrips;Лента-штрипс;55
http://www.metalloprokat.ru/search/rulon-shtrips;"Рулон штрипс";43
http://www.metalloprokat.kz/search/rulon-shtrips;"Рулон штрипс";31
http://chel.metalloprokat.ru/search/rulon-shtrips;"Рулон штрипс";31
http://ekb.metalloprokat.ru/search/rulon-shtrips;"Рулон штрипс";11
http://www.metalloprokat.ru/search/polipropilenovye-truby;"Полипропиленовые трубы";119
http://www.metalloprokat.net.ua/search/polipropilenovye-truby;"Полипропиленовые трубы";27
http://www.metalloprokat.kz/search/polipropilenovye-truby;"Полипропиленовые трубы";27
http://www.metalaprakat.by/search/polipropilenovye-truby;"Полипропиленовые трубы";27
http://ekb.metalloprokat.ru/search/polipropilenovye-truby;"Полипропиленовые трубы";60
http://msk.metalloprokat.ru/search/polipropilenovye-truby;"Полипропиленовые трубы";27
http://chel.metalloprokat.ru/search/polipropilenovye-truby;"Полипропиленовые трубы";16
http://nnov.metalloprokat.ru/search/polipropilenovye-truby;"Полипропиленовые трубы";15
http://www.metalloprokat.ru/search/gazovaya-truba;"Газовая труба";170
http://msk.metalloprokat.ru/search/gazovaya-truba;"Газовая труба";153
http://ekb.metalloprokat.ru/search/gazovaya-truba;"Газовая труба";7
http://www.metalloprokat.ru/search/truby-dlya-otopleniya;"Трубы для отопления";134
http://www.metalloprokat.kz/search/truby-dlya-otopleniya;"Трубы для отопления";90
http://www.metalloprokat.net.ua/search/truby-dlya-otopleniya;"Трубы для отопления";15
http://www.metalaprakat.by/search/truby-dlya-otopleniya;"Трубы для отопления";15
http://chel.metalloprokat.ru/search/truby-dlya-otopleniya;"Трубы для отопления";78
http://ekb.metalloprokat.ru/search/truby-dlya-otopleniya;"Трубы для отопления";18
http://msk.metalloprokat.ru/search/truby-dlya-otopleniya;"Трубы для отопления";13
http://nnov.metalloprokat.ru/search/truby-dlya-otopleniya;"Трубы для отопления";12
http://ufa.metalloprokat.ru/search/truby-dlya-otopleniya;"Трубы для отопления";7
http://www.metalloprokat.ru/search/truby-dlya-vodosnabzheniya;"Трубы для водоснабжения";152
http://www.metalloprokat.net.ua/search/truby-dlya-vodosnabzheniya;"Трубы для водоснабжения";28
http://www.metalloprokat.kz/search/truby-dlya-vodosnabzheniya;"Трубы для водоснабжения";28
http://www.metalaprakat.by/search/truby-dlya-vodosnabzheniya;"Трубы для водоснабжения";28
http://kazan.metalloprokat.ru/search/truby-dlya-vodosnabzheniya;"Трубы для водоснабжения";50
http://msk.metalloprokat.ru/search/truby-dlya-vodosnabzheniya;"Трубы для водоснабжения";28
http://nnov.metalloprokat.ru/search/truby-dlya-vodosnabzheniya;"Трубы для водоснабжения";26
http://ekb.metalloprokat.ru/search/truby-dlya-vodosnabzheniya;"Трубы для водоснабжения";20
http://chel.metalloprokat.ru/search/truby-dlya-vodosnabzheniya;"Трубы для водоснабжения";13
http://spb.metalloprokat.ru/search/truby-dlya-vodosnabzheniya;"Трубы для водоснабжения";13
http://www.metalloprokat.ru/search/truba-napornaya;"Труба напорная";395
http://www.metalloprokat.kz/search/truba-napornaya;"Труба напорная";54
http://www.metalloprokat.net.ua/search/truba-napornaya;"Труба напорная";7
http://www.metalaprakat.by/search/truba-napornaya;"Труба напорная";7
http://nnov.metalloprokat.ru/search/truba-napornaya;"Труба напорная";207
http://ekb.metalloprokat.ru/search/truba-napornaya;"Труба напорная";89
http://chel.metalloprokat.ru/search/truba-napornaya;"Труба напорная";50
http://krasnodar.metalloprokat.ru/search/truba-napornaya;"Труба напорная";18
http://msk.metalloprokat.ru/search/truba-napornaya;"Труба напорная";16
http://spb.metalloprokat.ru/search/truba-napornaya;"Труба напорная";8
http://www.metalloprokat.ru/search/polimernye-truby;"Полимерные трубы";69
http://www.metalloprokat.net.ua/search/polimernye-truby;"Полимерные трубы";29
http://www.metalloprokat.kz/search/polimernye-truby;"Полимерные трубы";29
http://www.metalaprakat.by/search/polimernye-truby;"Полимерные трубы";29
http://ekb.metalloprokat.ru/search/polimernye-truby;"Полимерные трубы";28
http://almati.metalloprokat.kz/search/polimernye-truby;"Полимерные трубы";24
http://www.metalloprokat.ru/search/truby-beznapornye;"Трубы безнапорные";135
http://www.metalloprokat.kz/search/truby-beznapornye;"Трубы безнапорные";20
http://ekb.metalloprokat.ru/search/truby-beznapornye;"Трубы безнапорные";81
http://chel.metalloprokat.ru/search/truby-beznapornye;"Трубы безнапорные";19
http://krasnodar.metalloprokat.ru/search/truby-beznapornye;"Трубы безнапорные";18
http://msk.metalloprokat.ru/search/truby-beznapornye;"Трубы безнапорные";8
http://www.metalloprokat.ru/search/rastrubnye-truby;"Раструбные трубы";20
http://www.metalloprokat.kz/search/rastrubnye-truby;"Раструбные трубы";9
http://chel.metalloprokat.ru/search/rastrubnye-truby;"Раструбные трубы";16
http://www.metalloprokat.ru/search/drob-stalnaya;"Дробь стальная";308
http://www.metalaprakat.by/search/drob-stalnaya;"Дробь стальная";74
http://www.metalloprokat.net.ua/search/drob-stalnaya;"Дробь стальная";72
http://www.metalloprokat.kz/search/drob-stalnaya;"Дробь стальная";72
http://ekb.metalloprokat.ru/search/drob-stalnaya;"Дробь стальная";234
http://almati.metalloprokat.kz/search/drob-stalnaya;"Дробь стальная";40
http://msk.metalloprokat.ru/search/drob-stalnaya;"Дробь стальная";28
